Datetime,Water Level (m)
2025-02-17 06:00:00,-0.40304214
2025-02-17 07:00:00,-0.18623231
2025-02-17 08:00:00,-0.0033713554
2025-02-17 09:00:00,0.17209938
2025-02-17 10:00:00,0.25868914
2025-02-17 11:00:00,0.19916978
2025-02-17 12:00:00,0.029238766
2025-02-17 13:00:00,-0.124823354
2025-02-17 14:00:00,-0.2839657
2025-02-17 15:00:00,-0.44160295
2025-02-17 16:00:00,-0.5749035
2025-02-17 17:00:00,-0.6041841
2025-02-17 18:00:00,-0.39153892
2025-02-17 19:00:00,-0.17337658
2025-02-17 20:00:00,0.009361519
2025-02-17 21:00:00,0.1798169
2025-02-17 22:00:00,0.25347772
2025-02-17 23:00:00,0.16996029
2025-02-18 00:00:00,-0.011918704
2025-02-18 01:00:00,-0.1674589
2025-02-18 02:00:00,-0.32971528
2025-02-18 03:00:00,-0.48956332
2025-02-18 04:00:00,-0.62827504
2025-02-18 05:00:00,-0.70373845
2025-02-18 06:00:00,-0.5782973
2025-02-18 07:00:00,-0.34303278
2025-02-18 08:00:00,-0.15367967
2025-02-18 09:00:00,0.03211849
2025-02-18 10:00:00,0.16316782
2025-02-18 11:00:00,0.17681152
2025-02-18 12:00:00,0.05937485
2025-02-18 13:00:00,-0.100372784
2025-02-18 14:00:00,-0.24731389
2025-02-18 15:00:00,-0.3949301
2025-02-18 16:00:00,-0.525468
2025-02-18 17:00:00,-0.59823006
2025-02-18 18:00:00,-0.48679435
2025-02-18 19:00:00,-0.26850665
2025-02-18 20:00:00,-0.10384981
2025-02-18 21:00:00,0.06348217
2025-02-18 22:00:00,0.173536
2025-02-18 23:00:00,0.15859061
2025-02-19 00:00:00,0.007068937
2025-02-19 01:00:00,-0.14724045
2025-02-19 02:00:00,-0.2955237
2025-02-19 03:00:00,-0.4495167
2025-02-19 04:00:00,-0.59174687
2025-02-19 05:00:00,-0.6853506
2025-02-19 06:00:00,-0.65106654
2025-02-19 07:00:00,-0.4496875
2025-02-19 08:00:00,-0.27517715
2025-02-19 09:00:00,-0.099961646
2025-02-19 10:00:00,0.055695217
2025-02-19 11:00:00,0.13749109
2025-02-19 12:00:00,0.105365686
2025-02-19 13:00:00,-0.032600258
2025-02-19 14:00:00,-0.1691934
2025-02-19 15:00:00,-0.30615774
2025-02-19 16:00:00,-0.43508428
2025-02-19 17:00:00,-0.5314363
2025-02-19 18:00:00,-0.52055603
2025-02-19 19:00:00,-0.34450665
2025-02-19 20:00:00,-0.19942646
2025-02-19 21:00:00,-0.06746721
2025-02-19 22:00:00,0.051027346
2025-02-19 23:00:00,0.086635105
2025-02-20 00:00:00,-0.003973708
2025-02-20 01:00:00,-0.15242802
2025-02-20 02:00:00,-0.28779355
2025-02-20 03:00:00,-0.42828003
2025-02-20 04:00:00,-0.56291544
2025-02-20 05:00:00,-0.66387105
2025-02-20 06:00:00,-0.69385314
2025-02-20 07:00:00,-0.5750543
2025-02-20 08:00:00,-0.39782742
2025-02-20 09:00:00,-0.24876216
2025-02-20 10:00:00,-0.09169149
2025-02-20 11:00:00,0.026837064
2025-02-20 12:00:00,0.06768947
2025-02-20 13:00:00,0.005562991
2025-02-20 14:00:00,-0.118500516
2025-02-20 15:00:00,-0.23293622
2025-02-20 16:00:00,-0.34666035
2025-02-20 17:00:00,-0.44697416
2025-02-20 18:00:00,-0.50792587
2025-02-20 19:00:00,-0.46676913
2025-02-20 20:00:00,-0.33514622
2025-02-20 21:00:00,-0.22446965
2025-02-20 22:00:00,-0.12910397
2025-02-20 23:00:00,-0.05877559
2025-02-21 00:00:00,-0.06471357
2025-02-21 01:00:00,-0.17744377
2025-02-21 02:00:00,-0.2988114
2025-02-21 03:00:00,-0.41551507
2025-02-21 04:00:00,-0.53234714
2025-02-21 05:00:00,-0.6340528
2025-02-21 06:00:00,-0.6943153
2025-02-21 07:00:00,-0.6699008
2025-02-21 08:00:00,-0.53508824
2025-02-21 09:00:00,-0.39943585
2025-02-21 10:00:00,-0.26924145
2025-02-21 11:00:00,-0.13735883
2025-02-21 12:00:00,-0.044102028
2025-02-21 13:00:00,-0.008000763
2025-02-21 14:00:00,-0.046623312
2025-02-21 15:00:00,-0.1425134
2025-02-21 16:00:00,-0.23969781
2025-02-21 17:00:00,-0.334416
2025-02-21 18:00:00,-0.41314203
2025-02-21 19:00:00,-0.4574389
2025-02-21 20:00:00,-0.43548426
2025-02-21 21:00:00,-0.3551209
2025-02-21 22:00:00,-0.28643164
2025-02-21 23:00:00,-0.22290768
2025-02-22 00:00:00,-0.18300617
2025-02-22 01:00:00,-0.20050871
2025-02-22 02:00:00,-0.2826735
2025-02-22 03:00:00,-0.3684948
2025-02-22 04:00:00,-0.4542718
2025-02-22 05:00:00,-0.53774935
2025-02-22 06:00:00,-0.6139471
2025-02-22 07:00:00,-0.66507936
2025-02-22 08:00:00,-0.67395765
2025-02-22 09:00:00,-0.5979982
2025-02-22 10:00:00,-0.47013354
2025-02-22 11:00:00,-0.35324273
2025-02-22 12:00:00,-0.2243958
2025-02-22 13:00:00,-0.11007783
2025-02-22 14:00:00,-0.041545507
2025-02-22 15:00:00,-0.020459246
2025-02-22 16:00:00,-0.060857587
2025-02-22 17:00:00,-0.15377624
2025-02-22 18:00:00,-0.24955091
2025-02-22 19:00:00,-0.3467301
2025-02-22 20:00:00,-0.43336007
2025-02-22 21:00:00,-0.5004206
2025-02-22 22:00:00,-0.52051944
2025-02-22 23:00:00,-0.49722853
2025-02-23 00:00:00,-0.41613063
2025-02-23 01:00:00,-0.3391771
2025-02-23 02:00:00,-0.2841387
2025-02-23 03:00:00,-0.26450968
2025-02-23 04:00:00,-0.2965161
2025-02-23 05:00:00,-0.37190822
2025-02-23 06:00:00,-0.45716158
